protein,sample,comut_idx,UFE,LD,LD_prime,wt,pos,mt,f10(wt),f01(mt),f11
PB2,1219_D7,1,1.0,0.016327587944878402,1.0,I,615,V,0.4110211,0.0,0.02916616
PB2,1219_D7,1,1.0,0.016327587944878402,1.0,S,684,F,0.4110211,0.0,0.02916616
PA,1224_D10,2,1.0,0.0269905913327616,1.0,E,493,G,0.0,0.0,0.02776128
PA,1224_D10,2,1.0,0.0269905913327616,1.0,F,562,S,0.0,0.0,0.02776128
NP,1224_D10,3,1.0,0.0470320068755865,0.9999999999999999,G,384,R,0.34220186,0.0,0.08162879
NP,1224_D10,3,1.0,0.0470320068755865,0.9999999999999999,M,426,I,0.34220186,0.0,0.08162879
NP,1686_D8,4,1.0,0.0810402445277052,1.0,G,102,R,0.0,0.25393728,0.13196674
NP,1686_D8,4,1.0,0.0810402445277052,1.0,G,384,R,0.0,0.25393728,0.13196674
PA,1691_D10,5,1.0,0.0581116429192298,1.0,K,309,R,0.0,0.26741269,0.09050497
PA,1691_D10,5,1.0,0.0581116429192298,1.0,R,385,I,0.0,0.26741269,0.09050497
NP,1867_D7,6,1.0,0.0842481697005568,1.0,V,197,I,0.30961551,0.0,0.15835136
NP,1867_D7,6,1.0,0.0842481697005568,1.0,S,353,Y,0.30961551,0.0,0.15835136
PB1,3611_D10,7,1.0,0.0659796900536978,1.0,K,211,R,0.0,0.29643379,0.11142574
PB1,3611_D10,7,1.0,0.0659796900536978,1.0,E,78,K,0.0,0.29643379,0.11142574
NS1,3611_D10,8,1.0,0.0352153215696711,1.0,V,174,A,0.0,0.00843912,0.03688729
NS1,3611_D10,8,1.0,0.0352153215696711,1.0,T,215,S,0.0,0.00843912,0.03688729
NEP,3611_D10,9,1.0,0.0352153215696711,1.0,S,22,P,0.0,0.00843912,0.03688729
NEP,3611_D10,9,1.0,0.0352153215696711,1.0,L,63,V,0.0,0.00843912,0.03688729
PA,3612_D7,10,0.9236219088764449,0.06584529955502658,0.9999999982329842,L,175,M,1.16349676e-10,0.271180312,0.105664342
PA,3612_D7,10,0.9236219088764449,0.06584529955502658,0.9999999982329842,S,201,I,1.16349676e-10,0.271180312,0.105664342
PA-X,3612_D7,11,0.9236219088764449,0.06584529955502658,0.9999999982329842,L,175,M,1.16349676e-10,0.271180312,0.105664342
PA-X,3612_D7,11,0.9236219088764449,0.06584529955502658,0.9999999982329842,V,201,L,1.16349676e-10,0.271180312,0.105664342
NS1,3615_D7,12,1.0,0.021422568113194197,1.0,R,41,G,0.0,0.42075947,0.03970562
NS1,3615_D7,12,1.0,0.021422568113194197,1.0,E,179,G,0.0,0.42075947,0.03970562
NS1,3615_D7,13,1.0,0.015684198903463502,1.0000000000000002,H,59,L,0.0,0.43139524,0.02906985
NS1,3615_D7,13,1.0,0.015684198903463502,1.0000000000000002,E,179,G,0.0,0.43139524,0.02906985
NP,3615_D13,14,1.0,0.015024715276711,1.0,G,384,R,0.38659263,0.0,0.02555882
NP,3615_D13,14,1.0,0.015024715276711,1.0,A,493,T,0.38659263,0.0,0.02555882
