gene,NS,S,Stop,dNdS
1-PB2,4.780086848635236,5.584608491866557,0.04032258064516129,0.8559394728559703
2-PB1,4.842111361901467,7.761211701841387,0.12677315188559568,0.6238860049072816
3-PA,4.919057278083647,9.773592195498889,0.18661257606490872,0.5033008518965074
4-HA,2.371904024767802,8.818899782135077,0.06776745786033711,0.2689569088394333
5-NP,6.903033389926429,4.117402376910017,0.05857385398981324,1.6765505913723548
6-NA,5.0560331825037705,3.8997737556561085,0.08235294117647059,1.2964939761366054
7-M,3.424019607843137,5.109548167092925,1.414002557544757,0.6701217986151663
8-NS,5.753260302556077,10.037754303599375,1.0985915492957747,0.5731620966746568
