mutation,mean_ddG,std_ddG
"V197I,S353Y",-4.475134,0.13547137
"G384R,M426I",-0.4156862,0.055937715
G102R,4.87478,0
S353Y,-1.968162,0.678823669
V197I,-3.106818,0.019364743
A493T,11.9603,0.295165521
G384R,-3.837782,0.057182694
M426I,2.609826,0.054521076
"G384R,A493T",5.562772,0.192739604
"G102R,G384R",0.7633846,0.085828175