Gene,med_syn,iqr_syn_1,iqr_syn_3,min_syn,max_syn,med_nonsyn,iqr_nonsyn_1,iqr_nonsyn_3,min_nonsyn,max_nonsyn,pvalue,med_stop,iqr_stop_1,iqr_stopn_3,min_stop,max_stop
1-PB2,4.12192538306883e-06,1.924429224694276e-06,8.093353905447413e-06,0.0,7.096087198664139e-05,0.0,0.0,3.4383214255140294e-06,0.0,3.455608718766613e-05,2.2961327789666435e-11,0.0,0.0,0.0,0.0,1.9349845201238386e-06
2-PB1,3.7594507223459506e-06,0.0,1.0032979100748792e-05,0.0,7.671772579709746e-05,0.0,0.0,3.7424998401932552e-06,0.0,3.513021059229353e-05,1.1168231718587174e-07,0.0,0.0,0.0,0.0,1.5346976376233622e-05
3-PA,0.0,0.0,5.480484141388018e-06,0.0,3.7192003719200375e-05,0.0,0.0,2.846546033268282e-06,0.0,3.5393624938539446e-05,0.024719451829664008,0.0,0.0,0.0,0.0,1.5496668216333488e-06
4-HA,6.2759333726445945e-06,2.9060588869210104e-06,1.4868073197937185e-05,0.0,8.996201083923269e-05,0.0,0.0,4.3905669784713385e-06,0.0,0.00010819251855219844,4.256200451368923e-14,0.0,0.0,0.0,0.0,3.3667679286866754e-06
5-NP,0.0,0.0,3.427862509934774e-06,0.0,6.845412703808496e-05,0.0,0.0,8.87238363096698e-06,0.0,6.529278585379504e-05,0.011053500812659845,0.0,0.0,0.0,0.0,8.315577650148032e-06
6-NA,0.0,0.0,3.689390455570694e-06,0.0,4.3457377982035036e-05,0.0,0.0,5.394674377454577e-06,0.0,4.711100680409988e-05,0.0637919974467777,0.0,0.0,0.0,0.0,3.408030368172142e-06
7-M,0.0,0.0,3.2369038108715947e-06,0.0,8.535293356009546e-05,0.0,0.0,3.2090229167023235e-06,0.0,7.194575398338756e-05,0.6688512722987564,0.0,0.0,0.0,0.0,5.0304683230050116e-05
8-NS,0.0,0.0,0.0,0.0,0.00012430389817024662,0.0,0.0,9.005883642167031e-06,0.0,7.93415419786814e-05,0.06550818751123483,0.0,0.0,0.0,0.0,2.819050315108075e-05
