gene,NS,S,Stop,dNdS
1-PB2,4.976655348047538,3.9944821731748728,0.11714770797962648,1.2458824779513336
2-PB1,6.469607843137255,3.406862745098039,0.058823529411764705,1.8989928057553958
3-PA,5.258630447085455,4.132427843803056,0.1494057724957555,1.2725280745001368
4-HA,8.621441202475687,2.817285587975243,0.0,3.0601942661666173
5-NP,4.920634920634921,4.071428571428571,0.10846560846560846,1.2085769980506824
6-NA,4.226190476190476,4.907738095238095,0.22916666666666666,0.8611279563371741
7-M,5.829090909090909,0.7418181818181819,0.16,7.857843137254901
8-NS,6.527777777777778,3.611111111111111,0.0,1.8076923076923077
