Gene,med_syn,iqr_syn_1,iqr_syn_3,min_syn,max_syn,med_nonsyn,iqr_nonsyn_1,iqr_nonsyn_3,min_nonsyn,max_nonsyn,pvalue,med_stop,iqr_stop_1,iqr_stopn_3,min_stop,max_stop
1-PB2,2.479502777043111e-06,0.0,8.557949347172178e-06,0.0,6.221639834732151e-05,6.3795853269537475e-06,2.274846096356394e-06,1.8081451188263202e-05,0.0,0.00018420276972384985,0.031113353101123627,0.0,0.0,0.0,0.0,2.289861199182696e-06
2-PB1,3.912399803441034e-06,0.0,8.79453768713165e-06,0.0,8.029198998045919e-05,1.0633703974388416e-05,2.5828445263477566e-06,1.9917499344915696e-05,0.0,8.581029230865513e-05,0.09239356444787587,0.0,0.0,0.0,0.0,3.6998511602733238e-06
3-PA,3.1607935172124964e-06,0.0,5.371154451579782e-06,0.0,7.285230883745368e-05,7.178713650665719e-06,3.3376865018864897e-06,1.5491913290401894e-05,0.0,6.232282916969513e-05,0.008848528462849805,0.0,0.0,0.0,0.0,9.614721156119318e-06
4-HA,3.908046806305246e-06,0.0,9.179552568855294e-06,0.0,6.0651657766547e-05,2.6141356052124906e-05,6.806663709157809e-06,7.007165512062782e-05,0.0,0.00018466160845097512,2.7024187761642687e-05,0.0,0.0,0.0,0.0,0.0
5-NP,0.0,0.0,1.4317184921109397e-05,0.0,7.412717397905166e-05,1.2370419852049777e-05,0.0,1.9065418777797414e-05,0.0,8.254211677602944e-05,0.06511244687815546,0.0,0.0,0.0,0.0,1.494558507416909e-05
6-NA,2.3860916552868446e-06,0.0,1.7432044172596806e-05,0.0,0.00010829116617662512,8.268107154668725e-06,1.7130914448213251e-06,1.671537517266441e-05,0.0,7.831916862109081e-05,0.2288804222849652,0.0,0.0,0.0,0.0,1.488486122055862e-05
7-M,0.0,0.0,1.512670735145876e-06,0.0,3.0326233968539656e-05,1.6424676433874253e-05,0.0,4.028098298937592e-05,0.0,0.0002678358853409852,9.940081857188176e-05,0.0,0.0,0.0,0.0,0.0
8-NS,0.0,0.0,1.175502103161769e-05,0.0,0.00015806983243356112,0.0,0.0,1.2147695856304121e-05,0.0,0.00023996056864169352,0.44450890263539566,0.0,0.0,0.0,0.0,0.0
